{"cameraMode":{"drawMode":0,"name":"Shaded","section":"Shading Mode"},"sceneLighting":true,"audioPlay":false,"sceneViewState":{"m_AlwaysRefresh":false,"showFog":true,"showSkybox":true,"showFlares":true,"showImageEffects":true,"showParticleSystems":true,"showVisualEffectGraphs":true,"m_FxEnabled":true},"in2DMode":false,"pivot":{"x":0.23616433143615724,"y":0.7109222412109375,"z":-19.060274124145509},"rotation":{"x":-0.04093518480658531,"y":0.9572988152503967,"z":-0.23004645109176637,"w":-0.17098604142665864},"size":1.2247449159622193,"orthographic":false}