{"cameraMode":{"drawMode":0,"name":"Shaded","section":"Shading Mode"},"sceneLighting":true,"audioPlay":false,"sceneViewState":{"m_AlwaysRefresh":false,"showFog":true,"showSkybox":true,"showFlares":true,"showImageEffects":true,"showParticleSystems":true,"showVisualEffectGraphs":true,"m_FxEnabled":true},"in2DMode":false,"pivot":{"x":-0.9902544617652893,"y":1.9859271049499512,"z":-18.512407302856447},"rotation":{"x":0.02047506533563137,"y":-0.8622539639472961,"z":0.036685921251773837,"w":0.505368709564209},"size":0.5594897866249085,"orthographic":false}