{"cameraMode":{"drawMode":0,"name":"Shaded","section":"Shading Mode"},"sceneLighting":true,"audioPlay":false,"sceneViewState":{"m_AlwaysRefresh":false,"showFog":true,"showSkybox":true,"showFlares":true,"showImageEffects":true,"showParticleSystems":true,"showVisualEffectGraphs":true,"m_FxEnabled":true},"in2DMode":false,"pivot":{"x":4.219575881958008,"y":2.3985378742218019,"z":-14.411413192749024},"rotation":{"x":0.04751748964190483,"y":-0.9392333626747131,"z":0.14922837913036347,"w":0.30654633045196535},"size":0.5594897866249085,"orthographic":false}